,emotion,zscore
0,anger,-0.9031860916661992
1,trust,3.5469041079756254
2,surprise,0.7467377869974154
3,disgust,-2.251015062747516
4,joy,2.608936185121435
5,sadness,-0.5915984511334854
6,fear,0.3277290093265034
7,anticipation,0.2492412564166325
