,emotion,zscore
0,anger,-1.4686381023274195
1,trust,2.9045528274755696
2,surprise,0.6103216161767298
3,disgust,-1.4101482876146774
4,joy,0.6438616791004464
5,sadness,-1.0380989322749499
6,fear,-0.7119239245672251
7,anticipation,3.0622018279520486
