,emotion,zscore
0,anger,-1.6882744045287035
1,trust,3.1660431959496265
2,surprise,1.3578346149366356
3,disgust,-1.9638092904649214
4,joy,1.9842922962936478
5,sadness,-0.8560949612484154
6,fear,-0.10166035460082148
7,anticipation,1.5990421901493386
