,emotion,zscore
0,anger,0.5105116736974729
1,trust,0.09071347736542061
2,surprise,0.6042828941119642
3,disgust,-0.9337152049088343
4,joy,-0.3784266042165307
5,sadness,0.6815228109783942
6,fear,1.249644232764681
7,anticipation,0.6784256086946182
