,emotion,zscore
0,anger,-1.3184242770282364
1,trust,2.4026014779147853
2,surprise,1.1905185985550186
3,disgust,-2.668127329014069
4,joy,-0.5980574861638324
5,sadness,0.36213981398907863
6,fear,1.4225369404819832
7,anticipation,2.0214362046303975
