,emotion,zscore
0,anger,-2.0513567300923694
1,trust,2.1384658447642058
2,surprise,1.868262049607928
3,disgust,-3.079055991053945
4,joy,1.663440874996376
5,sadness,-0.7843419822172877
6,fear,0.43119046032245506
7,anticipation,2.6470465197366613
