,emotion,zscore
0,anger,-1.0572161258386252
1,trust,4.46448287294229
2,surprise,1.9387643271610615
3,disgust,-3.5347274228258208
4,joy,2.809563566063011
5,sadness,-0.504544508860779
6,fear,-0.7268128655248467
7,anticipation,4.3905225286504885
