,emotion,zscore
0,anger,-0.8351756167875997
1,trust,4.019738138417295
2,surprise,2.061702575699814
3,disgust,-1.7564671470092297
4,joy,1.865020108397034
5,sadness,-1.739141001129642
6,fear,-1.0501109282146694
7,anticipation,2.564398834890705
