,emotion,zscore
0,anger,-1.0941235618726426
1,trust,4.539927580294828
2,surprise,1.7703505157529595
3,disgust,-3.731167896310716
4,joy,2.7765255644509357
5,sadness,-0.44685715220796546
6,fear,-0.6871397428832688
7,anticipation,4.402948053600526
