,emotion,zscore
0,anger,-0.9199564527962268
1,trust,4.27357030785127
2,surprise,2.151941794602102
3,disgust,-1.7653247256828006
4,joy,1.9719407103673225
5,sadness,-1.9225121239338336
6,fear,-1.1375909073811146
7,anticipation,2.668284008138134
